"File Name","Leaf #"
"RS_Rust 1563.JPG","1.0"
"RS_Rust 1564.JPG","2.0"
"RS_Rust 1565.JPG","3.0"
"RS_Rust 1566.JPG","4.0"
"RS_Rust 1567.JPG","5.0"
"RS_Rust 1568.JPG","6.0"
"RS_Rust 1569.JPG","7.0"
"RS_Rust 1570.JPG","8.0"
"RS_Rust 1571.JPG","9.0"
"RS_Rust 1572.JPG","10.0"
"RS_Rust 1573.JPG","11.0"
"RS_Rust 1574.JPG","12.0"
"RS_Rust 1575.JPG","13.0"
"RS_Rust 1576.JPG","14.0"
"RS_Rust 1577.JPG","15.0"
"RS_Rust 1578.JPG","16.0"
"RS_Rust 1579.JPG","17.0"
"RS_Rust 1580.JPG","18.0"
"RS_Rust 1581.JPG","19.0"
"RS_Rust 1582.JPG","20.0"
"RS_Rust 1583.JPG","21.0"
"RS_Rust 1584.JPG","22.0"
"RS_Rust 1585.JPG","23.0"
"RS_Rust 1586.JPG","24.0"
"RS_Rust 1587.JPG","25.0"
"RS_Rust 1588.JPG","26.0"
"RS_Rust 1589.JPG","27.0"
"RS_Rust 1590.JPG","28.0"
"RS_Rust 1591.JPG","29.0"
"RS_Rust 1592.JPG","30.0"
"RS_Rust 1593.JPG","31.0"
"RS_Rust 1594.JPG","32.0"
"RS_Rust 1595.JPG","33.0"
"RS_Rust 1596.JPG","34.0"
"RS_Rust 1597.JPG","35.0"
"RS_Rust 1598.JPG","36.0"
"RS_Rust 1599.JPG","37.0"
"RS_Rust 1600.JPG","38.0"
"RS_Rust 1601.JPG","39.0"
"RS_Rust 1602.JPG","40.0"
"RS_Rust 1603.JPG","41.0"
"RS_Rust 1604.JPG","42.0"
"RS_Rust 1605.JPG","43.0"
"RS_Rust 1606.JPG","44.0"
"RS_Rust 1607.JPG","45.0"
"RS_Rust 1608.JPG","46.0"
"RS_Rust 1609.JPG","47.0"
"RS_Rust 1610.JPG","48.0"
"RS_Rust 1611.JPG","49.0"
"RS_Rust 1612.JPG","50.0"
"RS_Rust 1613.JPG","51.0"
"RS_Rust 1614.JPG","52.0"
"RS_Rust 1615.JPG","53.0"
"RS_Rust 1616.JPG","54.0"
"RS_Rust 1618.JPG","55.0"
"RS_Rust 1619.JPG","56.0"
"RS_Rust 1620.JPG","57.0"
"RS_Rust 1621.JPG","58.0"
"RS_Rust 1622.JPG","59.0"
"RS_Rust 1623.JPG","60.0"
"RS_Rust 1624.JPG","61.0"
"RS_Rust 1625.JPG","62.0"
"RS_Rust 1626.JPG","63.0"
"RS_Rust 1627.JPG","64.0"
"RS_Rust 1628.JPG","65.0"
"RS_Rust 1629.JPG","66.0"
"RS_Rust 1630.JPG","67.0"
"RS_Rust 1631.JPG","68.0"
"RS_Rust 1632.JPG","69.0"
"RS_Rust 1633.JPG","70.0"
"RS_Rust 1634.JPG","71.0"
"RS_Rust 1635.JPG","72.0"
"RS_Rust 1636.JPG","73.0"
"RS_Rust 1637.JPG","74.0"
"RS_Rust 1638.JPG","75.0"
"RS_Rust 1639.JPG","76.0"
"RS_Rust 1640.JPG","77.0"
"RS_Rust 1641.JPG","78.0"
"RS_Rust 1642.JPG","79.0"
"RS_Rust 1643.JPG","80.0"
"RS_Rust 1644.JPG","81.0"
"RS_Rust 1645.JPG","82.0"
"RS_Rust 1646.JPG","83.0"
"RS_Rust 1647.JPG","84.0"
"RS_Rust 1648.JPG","85.0"
"RS_Rust 1649.JPG","86.0"
"RS_Rust 1650.JPG","87.0"
"RS_Rust 1651.JPG","88.0"
"RS_Rust 1652.JPG","89.0"
"RS_Rust 1653.JPG","90.0"
"RS_Rust 1654.JPG","91.0"
"RS_Rust 1655.JPG","92.0"
"RS_Rust 1656.JPG","93.0"
"RS_Rust 1657.JPG","94.0"
"RS_Rust 1658.JPG","95.0"
"RS_Rust 1659.JPG","96.0"
"RS_Rust 1660.JPG","97.0"
"RS_Rust 1661.JPG","98.0"
"RS_Rust 1662.JPG","99.0"
"RS_Rust 1663.JPG","100.0"
"RS_Rust 1664.JPG","101.0"
"RS_Rust 1665.JPG","102.0"
"RS_Rust 1666.JPG","103.0"
"RS_Rust 1667.JPG","104.0"
"RS_Rust 1668.JPG","105.0"
"RS_Rust 1669.JPG","106.0"
"RS_Rust 1670.JPG","107.0"
"RS_Rust 1671.JPG","108.0"
"RS_Rust 1672.JPG","109.0"
"RS_Rust 1673.JPG","110.0"
"RS_Rust 1674.JPG","111.0"
"RS_Rust 1675.JPG","112.0"
"RS_Rust 1676.JPG","113.0"
"RS_Rust 1677.JPG","114.0"
"RS_Rust 1678.JPG","115.0"
"RS_Rust 1679.JPG","116.0"
"RS_Rust 1680.JPG","117.0"
"RS_Rust 1681.JPG","118.0"
"RS_Rust 1682.JPG","119.0"
"RS_Rust 1683.JPG","120.0"
"RS_Rust 1684.JPG","121.0"
"RS_Rust 1685.JPG","122.0"
"RS_Rust 1686.JPG","123.0"
"RS_Rust 1687.JPG","124.0"
"RS_Rust 1688.JPG","125.0"
"RS_Rust 1689.JPG","126.0"
"RS_Rust 1690.JPG","127.0"
"RS_Rust 1691.JPG","128.0"
"RS_Rust 1692.JPG","129.0"
"RS_Rust 1693.JPG","130.0"
"RS_Rust 1694.JPG","131.0"
"RS_Rust 1695.JPG","132.0"
"RS_Rust 1696.JPG","133.0"
"RS_Rust 1697.JPG","134.0"
"RS_Rust 1698.JPG","135.0"
"RS_Rust 1699.JPG","136.0"
"RS_Rust 1700.JPG","137.0"
"RS_Rust 1701.JPG","138.0"
"RS_Rust 1702.JPG","139.0"
"RS_Rust 1703.JPG","140.0"
"RS_Rust 1704.JPG","141.0"
"RS_Rust 1705.JPG","142.0"
"RS_Rust 1706.JPG","143.0"
"RS_Rust 1707.JPG","144.0"
"RS_Rust 1708.JPG","145.0"
"RS_Rust 1709.JPG","146.0"
"RS_Rust 1710.JPG","147.0"
"RS_Rust 1711.JPG","148.0"
"RS_Rust 1712.JPG","149.0"
"RS_Rust 1713.JPG","150.0"
"RS_Rust 1714.JPG","151.0"
"RS_Rust 1715.JPG","152.0"
"RS_Rust 1716.JPG","153.0"
"RS_Rust 1717.JPG","154.0"
"RS_Rust 1718.JPG","155.0"
"RS_Rust 1719.JPG","156.0"
"RS_Rust 1720.JPG","157.0"
"RS_Rust 1721.JPG","158.0"
"RS_Rust 1722.JPG","159.0"
"RS_Rust 1723.JPG","160.0"
"RS_Rust 1724.JPG","161.0"
"RS_Rust 1725.JPG","162.0"
"RS_Rust 1726.JPG","163.0"
"RS_Rust 1727.JPG","164.0"
"RS_Rust 1728.JPG","165.0"
"RS_Rust 1729.JPG","166.0"
"RS_Rust 1730.JPG","167.0"
"RS_Rust 1731.JPG","168.0"
"RS_Rust 1732.JPG","169.0"
"RS_Rust 1733.JPG","170.0"
"RS_Rust 1734.JPG","171.0"
"RS_Rust 1735.JPG","172.0"
"RS_Rust 1736.JPG","173.0"
"RS_Rust 1737.JPG","174.0"
"RS_Rust 1738.JPG","175.0"
"RS_Rust 1739.JPG","176.0"
"RS_Rust 1740.JPG","177.0"
"RS_Rust 1741.JPG","178.0"
"RS_Rust 1742.JPG","179.0"
"RS_Rust 1743.JPG","180.0"
"RS_Rust 1744.JPG","181.0"
"RS_Rust 1745.JPG","182.0"
"RS_Rust 1746.JPG","183.0"
"RS_Rust 1747.JPG","184.0"
"RS_Rust 1748.JPG","185.0"
"RS_Rust 1749.JPG","186.0"
"RS_Rust 1750.JPG","187.0"
"RS_Rust 1751.JPG","188.0"
"RS_Rust 1752.JPG","189.0"
"RS_Rust 1753.JPG","190.0"
"RS_Rust 1754.JPG","191.0"
"RS_Rust 1755.JPG","192.0"
"RS_Rust 1756.JPG","193.0"
"RS_Rust 1757.JPG","194.0"
"RS_Rust 1758.JPG","195.0"
"RS_Rust 1759.JPG","196.0"
"RS_Rust 1760.JPG","197.0"
"RS_Rust 1761.JPG","198.0"
"RS_Rust 1762.JPG","199.0"
"RS_Rust 1763.JPG","200.0"
"RS_Rust 1764.JPG","201.0"
"RS_Rust 1765.JPG","202.0"
"RS_Rust 1766.JPG","203.0"
"RS_Rust 1767.JPG","204.0"
"RS_Rust 1768.JPG","205.0"
"RS_Rust 1769.JPG","206.0"
"RS_Rust 1770.JPG","207.0"
"RS_Rust 1771.JPG","208.0"
"RS_Rust 1772.JPG","209.0"
"RS_Rust 1773.JPG","210.0"
"RS_Rust 1774.JPG","211.0"
"RS_Rust 1775.JPG","212.0"
"RS_Rust 1776.JPG","213.0"
"RS_Rust 1777.JPG","214.0"
"RS_Rust 1778.JPG","215.0"
"RS_Rust 1779.JPG","216.0"
"RS_Rust 1780.JPG","217.0"
"RS_Rust 1781.JPG","218.0"
"RS_Rust 1782.JPG","219.0"
"RS_Rust 1783.JPG","220.0"
"RS_Rust 1784.JPG","221.0"
"RS_Rust 1785.JPG","222.0"
"RS_Rust 1786.JPG","223.0"
"RS_Rust 1787.JPG","224.0"
"RS_Rust 1788.JPG","225.0"
"RS_Rust 1789.JPG","226.0"
"RS_Rust 1790.JPG","227.0"
"RS_Rust 1791.JPG","228.0"
"RS_Rust 1792.JPG","229.0"
"RS_Rust 1793.JPG","230.0"
"RS_Rust 1794.JPG","231.0"
"RS_Rust 1795.JPG","232.0"
"RS_Rust 1796.JPG","233.0"
"RS_Rust 1797.JPG","234.0"
"RS_Rust 1799.JPG","235.0"
"RS_Rust 1800.JPG","236.0"
"RS_Rust 1801.JPG","237.0"
"RS_Rust 1802.JPG","238.0"
"RS_Rust 1803.JPG","239.0"
"RS_Rust 1804.JPG","240.0"
"RS_Rust 1805.JPG","241.0"
"RS_Rust 1806.JPG","242.0"
"RS_Rust 1807.JPG","243.0"
"RS_Rust 1808.JPG","244.0"
"RS_Rust 1809.JPG","245.0"
"RS_Rust 1810.JPG","246.0"
"RS_Rust 1811.JPG","247.0"
"RS_Rust 1812.JPG","248.0"
"RS_Rust 1813.JPG","249.0"
"RS_Rust 1814.JPG","250.0"
"RS_Rust 1815.JPG","251.0"
"RS_Rust 1816.JPG","252.0"
"RS_Rust 1817.JPG","253.0"
"RS_Rust 1818.JPG","254.0"
"RS_Rust 1819.JPG","255.0"
"RS_Rust 1820.JPG","256.0"
"RS_Rust 1822.JPG","257.0"
"RS_Rust 1823.JPG","258.0"
"RS_Rust 1825.JPG","259.0"
"RS_Rust 1826.JPG","260.0"
"RS_Rust 1827.JPG","261.0"
"RS_Rust 1828.JPG","262.0"
"RS_Rust 1829.JPG","263.0"
"RS_Rust 1830.JPG","264.0"
"RS_Rust 1831.JPG","265.0"
"RS_Rust 1832.JPG","266.0"
"RS_Rust 1833.JPG","267.0"
"RS_Rust 1834.JPG","268.0"
"RS_Rust 1835.JPG","269.0"
"RS_Rust 1836.JPG","270.0"
"RS_Rust 1837.JPG","271.0"
"RS_Rust 1838.JPG","272.0"
"RS_Rust 1839.JPG","273.0"
"RS_Rust 1840.JPG","274.0"
"RS_Rust 1841.JPG","275.0"
"RS_Rust 1842.JPG","276.0"
"RS_Rust 1843.JPG","277.0"
"RS_Rust 1844.JPG","278.0"
"RS_Rust 1845.JPG","279.0"
"RS_Rust 1846.JPG","280.0"
"RS_Rust 1847.JPG","281.0"
"RS_Rust 1848.JPG","282.0"
"RS_Rust 1849.JPG","283.0"
"RS_Rust 1850.JPG","284.0"
"RS_Rust 1851.JPG","285.0"
"RS_Rust 1852.JPG","286.0"
"RS_Rust 1853.JPG","287.0"
"RS_Rust 1854.JPG","288.0"
"RS_Rust 1855.JPG","289.0"
"RS_Rust 1857.JPG","290.0"
"RS_Rust 1858.JPG","291.0"
"RS_Rust 1859.JPG","292.0"
"RS_Rust 1860.JPG","293.0"
"RS_Rust 1861.JPG","294.0"
"RS_Rust 1862.JPG","295.0"
"RS_Rust 1863.JPG","296.0"
"RS_Rust 1864.JPG","297.0"
"RS_Rust 1865.JPG","298.0"
"RS_Rust 1866.JPG","299.0"
"RS_Rust 1867.JPG","300.0"
"RS_Rust 1868.JPG","301.0"
"RS_Rust 1869.JPG","302.0"
"RS_Rust 1870.JPG","303.0"
"RS_Rust 1871.JPG","304.0"
"RS_Rust 1872.JPG","305.0"
"RS_Rust 1873.JPG","306.0"
"RS_Rust 1874.JPG","307.0"
"RS_Rust 1875.JPG","308.0"
"RS_Rust 1876.JPG","309.0"
"RS_Rust 1877.JPG","310.0"
"RS_Rust 1878.JPG","311.0"
"RS_Rust 1879.JPG","312.0"
"RS_Rust 1880.JPG","313.0"
"RS_Rust 1881.JPG","314.0"
"RS_Rust 1882.JPG","315.0"
"RS_Rust 1883.JPG","316.0"
"RS_Rust 1884.JPG","317.0"
"RS_Rust 1885.JPG","318.0"
"RS_Rust 1886.JPG","319.0"
"RS_Rust 1887.JPG","320.0"
"RS_Rust 1888.JPG","321.0"
"RS_Rust 1889.JPG","322.0"
"RS_Rust 1890.JPG","323.0"
"RS_Rust 1891.JPG","324.0"
"RS_Rust 1892.JPG","325.0"
"RS_Rust 1893.JPG","326.0"
"RS_Rust 1894.JPG","327.0"
"RS_Rust 1895.JPG","328.0"
"RS_Rust 1896.JPG","329.0"
"RS_Rust 1897.JPG","330.0"
"RS_Rust 1898.JPG","331.0"
"RS_Rust 1899.JPG","332.0"
"RS_Rust 1900.JPG","333.0"
"RS_Rust 1901.JPG","334.0"
"RS_Rust 1902.JPG","335.0"
"RS_Rust 1903.JPG","336.0"
"RS_Rust 1904.JPG","337.0"
"RS_Rust 1905.JPG","338.0"
"RS_Rust 1906.JPG","339.0"
"RS_Rust 1907.JPG","340.0"
"RS_Rust 1908.JPG","341.0"
"RS_Rust 1909.JPG","342.0"
"RS_Rust 1910.JPG","343.0"
"RS_Rust 1911.JPG","344.0"
"RS_Rust 1912.JPG","345.0"
"RS_Rust 1913.JPG","346.0"
"RS_Rust 1914.JPG","347.0"
"RS_Rust 1915.JPG","348.0"
"RS_Rust 1916.JPG","349.0"
"RS_Rust 1917.JPG","350.0"
"RS_Rust 1918.JPG","351.0"
"RS_Rust 1919.JPG","352.0"
"RS_Rust 1920.JPG","353.0"
"RS_Rust 1921.JPG","354.0"
"RS_Rust 1922.JPG","355.0"
"RS_Rust 1923.JPG","356.0"
"RS_Rust 1924.JPG","357.0"
"RS_Rust 1925.JPG","358.0"
"RS_Rust 1926.JPG","359.0"
"RS_Rust 1927.JPG","360.0"
"RS_Rust 1928.JPG","361.0"
"RS_Rust 1929.JPG","362.0"
"RS_Rust 1930.JPG","363.0"
"RS_Rust 1931.JPG","364.0"
"RS_Rust 1932.JPG","365.0"
"RS_Rust 1933.JPG","366.0"
"RS_Rust 1934.JPG","367.0"
"RS_Rust 1935.JPG","368.0"
"RS_Rust 1936.JPG","369.0"
"RS_Rust 1937.JPG","370.0"
"RS_Rust 1938.JPG","371.0"
"RS_Rust 1939.JPG","372.0"
"RS_Rust 1940.JPG","373.0"
"RS_Rust 1941.JPG","374.0"
"RS_Rust 1942.JPG","375.0"
"RS_Rust 1943.JPG","376.0"
"RS_Rust 1944.JPG","377.0"
"RS_Rust 1945.JPG","378.0"
"RS_Rust 1946.JPG","379.0"
"RS_Rust 1947.JPG","380.0"
"RS_Rust 1948.JPG","381.0"
"RS_Rust 1949.JPG","382.0"
"RS_Rust 1950.JPG","383.0"
"RS_Rust 1951.JPG","384.0"
"RS_Rust 1952.JPG","385.0"
"RS_Rust 1954.JPG","386.0"
"RS_Rust 1955.JPG","387.0"
"RS_Rust 1956.JPG","388.0"
"RS_Rust 1957.JPG","389.0"
"RS_Rust 1958.JPG","390.0"
"RS_Rust 1959.JPG","391.0"
"RS_Rust 1960.JPG","392.0"
"RS_Rust 1961.JPG","393.0"
"RS_Rust 1962.JPG","394.0"
"RS_Rust 1963.JPG","395.0"
"RS_Rust 1964.JPG","396.0"
"RS_Rust 1965.JPG","397.0"
"RS_Rust 1966.JPG","398.0"
"RS_Rust 1967.JPG","399.0"
"RS_Rust 1968.JPG","400.0"
"RS_Rust 1969.JPG","401.0"
"RS_Rust 1970.JPG","402.0"
"RS_Rust 1971.JPG","403.0"
"RS_Rust 1972.JPG","404.0"
"RS_Rust 1973.JPG","405.0"
"RS_Rust 1974.JPG","406.0"
"RS_Rust 1975.JPG","407.0"
"RS_Rust 1976.JPG","408.0"
"RS_Rust 1977.JPG","409.0"
"RS_Rust 1979.JPG","410.0"
"RS_Rust 1980.JPG","411.0"
"RS_Rust 1981.JPG","412.0"
"RS_Rust 1982.JPG","413.0"
"RS_Rust 1983.JPG","414.0"
"RS_Rust 1984.JPG","415.0"
"RS_Rust 1985.JPG","416.0"
"RS_Rust 1986.JPG","417.0"
"RS_Rust 1987.JPG","418.0"
"RS_Rust 1988.JPG","419.0"
"RS_Rust 1989.JPG","420.0"
"RS_Rust 1990.JPG","421.0"
"RS_Rust 1991.JPG","422.0"
"RS_Rust 1992.JPG","423.0"
"RS_Rust 1993.JPG","424.0"
"RS_Rust 1994.JPG","425.0"
"RS_Rust 1995.JPG","426.0"
"RS_Rust 1996.JPG","427.0"
"RS_Rust 1997.JPG","428.0"
"RS_Rust 1998.JPG","429.0"
"RS_Rust 1999.JPG","430.0"
"RS_Rust 2000.JPG","431.0"
"RS_Rust 2001.JPG","432.0"
"RS_Rust 2002.JPG","433.0"
"RS_Rust 2003.JPG","434.0"
"RS_Rust 2004.JPG","435.0"
"RS_Rust 2005.JPG","436.0"
"RS_Rust 2006.JPG","437.0"
"RS_Rust 2007.JPG","438.0"
"RS_Rust 2008.JPG","439.0"
"RS_Rust 2009.JPG","440.0"
"RS_Rust 2010.JPG","441.0"
"RS_Rust 2011.JPG","442.0"
"RS_Rust 2012.JPG","443.0"
"RS_Rust 2013.JPG","444.0"
"RS_Rust 2014.JPG","445.0"
"RS_Rust 2015.JPG","446.0"
"RS_Rust 2016.JPG","447.0"
"RS_Rust 2017.JPG","448.0"
"RS_Rust 2018.JPG","449.0"
"RS_Rust 2019.JPG","450.0"
"RS_Rust 2020.JPG","451.0"
"RS_Rust 2021.JPG","452.0"
"RS_Rust 2022.JPG","453.0"
"RS_Rust 2023.JPG","454.0"
"RS_Rust 2024.JPG","455.0"
"RS_Rust 2025.JPG","456.0"
"RS_Rust 2026.JPG","457.0"
"RS_Rust 2027.JPG","458.0"
"RS_Rust 2028.JPG","459.0"
"RS_Rust 2029.JPG","460.0"
"RS_Rust 2030.JPG","461.0"
"RS_Rust 2031.JPG","462.0"
"RS_Rust 2032.JPG","463.0"
"RS_Rust 2033.JPG","464.0"
"RS_Rust 2034.JPG","465.0"
"RS_Rust 2035.JPG","466.0"
"RS_Rust 2036.JPG","467.0"
"RS_Rust 2037.JPG","468.0"
"RS_Rust 2038.JPG","469.0"
"RS_Rust 2039.JPG","470.0"
"RS_Rust 2040.JPG","471.0"
"RS_Rust 2041.JPG","472.0"
"RS_Rust 2042.JPG","473.0"
"RS_Rust 2043.JPG","474.0"
"RS_Rust 2044.JPG","475.0"
"RS_Rust 2045.JPG","476.0"
"RS_Rust 2046.JPG","477.0"
"RS_Rust 2047.JPG","478.0"
"RS_Rust 2048.JPG","479.0"
"RS_Rust 2049.JPG","480.0"
"RS_Rust 2050.JPG","481.0"
"RS_Rust 2051.JPG","482.0"
"RS_Rust 2052.JPG","483.0"
"RS_Rust 2053.JPG","484.0"
"RS_Rust 2054.JPG","485.0"
"RS_Rust 2055.JPG","486.0"
"RS_Rust 2056.JPG","487.0"
"RS_Rust 2057.JPG","488.0"
"RS_Rust 2058.JPG","489.0"
"RS_Rust 2059.JPG","490.0"
"RS_Rust 2060.JPG","491.0"
"RS_Rust 2061.JPG","492.0"
"RS_Rust 2062.JPG","493.0"
"RS_Rust 2063.JPG","494.0"
"RS_Rust 2064.JPG","495.0"
"RS_Rust 2065.JPG","496.0"
"RS_Rust 2066.JPG","497.0"
"RS_Rust 2067.JPG","498.0"
"RS_Rust 2068.JPG","499.0"
"RS_Rust 2069.JPG","500.0"
"RS_Rust 2070.JPG","501.0"
"RS_Rust 2071.JPG","502.0"
"RS_Rust 2072.JPG","503.0"
"RS_Rust 2073.JPG","504.0"
"RS_Rust 2074.JPG","505.0"
"RS_Rust 2075.JPG","506.0"
"RS_Rust 2076.JPG","507.0"
"RS_Rust 2077.JPG","508.0"
"RS_Rust 2078.JPG","509.0"
"RS_Rust 2079.JPG","510.0"
"RS_Rust 2080.JPG","511.0"
"RS_Rust 2081.JPG","512.0"
"RS_Rust 2082.JPG","513.0"
"RS_Rust 2083.JPG","514.0"
"RS_Rust 2084.JPG","515.0"
"RS_Rust 2085.JPG","516.0"
"RS_Rust 2086.JPG","517.0"
"RS_Rust 2087.JPG","518.0"
"RS_Rust 2088.JPG","519.0"
"RS_Rust 2089.JPG","520.0"
"RS_Rust 2090.JPG","521.0"
"RS_Rust 2091.JPG","522.0"
"RS_Rust 2092.JPG","523.0"
"RS_Rust 2093.JPG","524.0"
"RS_Rust 2094.JPG","525.0"
"RS_Rust 2095.JPG","526.0"
"RS_Rust 2096.JPG","527.0"
"RS_Rust 2097.JPG","528.0"
"RS_Rust 2098.JPG","529.0"
"RS_Rust 2099.JPG","530.0"
"RS_Rust 2100.JPG","531.0"
"RS_Rust 2101.JPG","532.0"
"RS_Rust 2102.JPG","533.0"
"RS_Rust 2103.JPG","534.0"
"RS_Rust 2104.JPG","535.0"
"RS_Rust 2105.JPG","536.0"
"RS_Rust 2106.JPG","537.0"
"RS_Rust 2107.JPG","538.0"
"RS_Rust 2108.JPG","539.0"
"RS_Rust 2109.JPG","540.0"
"RS_Rust 2110.JPG","541.0"
"RS_Rust 2111.JPG","542.0"
"RS_Rust 2112.JPG","543.0"
"RS_Rust 2113.JPG","544.0"
"RS_Rust 2114.JPG","545.0"
"RS_Rust 2115.JPG","546.0"
"RS_Rust 2117.JPG","547.0"
"RS_Rust 2118.JPG","548.0"
"RS_Rust 2119.JPG","549.0"
"RS_Rust 2120.JPG","550.0"
"RS_Rust 2121.JPG","551.0"
"RS_Rust 2122.JPG","552.0"
"RS_Rust 2123.JPG","553.0"
"RS_Rust 2124.JPG","554.0"
"RS_Rust 2125.JPG","555.0"
"RS_Rust 2126.JPG","556.0"
"RS_Rust 2127.JPG","557.0"
"RS_Rust 2128.JPG","558.0"
"RS_Rust 2129.JPG","559.0"
"RS_Rust 2130.JPG","560.0"
"RS_Rust 2131.JPG","561.0"
"RS_Rust 2132.JPG","562.0"
"RS_Rust 2133.JPG","563.0"
"RS_Rust 2134.JPG","564.0"
"RS_Rust 2135.JPG","565.0"
"RS_Rust 2136.JPG","566.0"
"RS_Rust 2137.JPG","567.0"
"RS_Rust 2138.JPG","568.0"
"RS_Rust 2139.JPG","569.0"
"RS_Rust 2140.JPG","570.0"
"RS_Rust 2141.JPG","571.0"
"RS_Rust 2142.JPG","572.0"
"RS_Rust 2143.JPG","573.0"
"RS_Rust 2144.JPG","574.0"
"RS_Rust 2145.JPG","575.0"
"RS_Rust 2146.JPG","576.0"
"RS_Rust 2147.JPG","577.0"
"RS_Rust 2148.JPG","578.0"
"RS_Rust 2149.JPG","579.0"
"RS_Rust 2150.JPG","580.0"
"RS_Rust 2151.JPG","581.0"
"RS_Rust 2152.JPG","582.0"
"RS_Rust 2153.JPG","583.0"
"RS_Rust 2154.JPG","584.0"
"RS_Rust 2155.JPG","585.0"
"RS_Rust 2156.JPG","586.0"
"RS_Rust 2157.JPG","587.0"
"RS_Rust 2158.JPG","588.0"
"RS_Rust 2159.JPG","589.0"
"RS_Rust 2160.JPG","590.0"
"RS_Rust 2161.JPG","591.0"
"RS_Rust 2162.JPG","592.0"
"RS_Rust 2163.JPG","593.0"
"RS_Rust 2164.JPG","594.0"
"RS_Rust 2165.JPG","595.0"
"RS_Rust 2166.JPG","596.0"
"RS_Rust 2167.JPG","597.0"
"RS_Rust 2168.JPG","598.0"
"RS_Rust 2169.JPG","599.0"
"RS_Rust 2170.JPG","600.0"
"RS_Rust 2171.JPG","601.0"
"RS_Rust 2172.JPG","602.0"
"RS_Rust 2173.JPG","603.0"
"RS_Rust 2174.JPG","604.0"
"RS_Rust 2175.JPG","605.0"
"RS_Rust 2176.JPG","606.0"
"RS_Rust 2177.JPG","607.0"
"RS_Rust 2178.JPG","608.0"
"RS_Rust 2179.JPG","609.0"
"RS_Rust 2180.JPG","610.0"
"RS_Rust 2181.JPG","611.0"
"RS_Rust 2182.JPG","612.0"
"RS_Rust 2183.JPG","613.0"
"RS_Rust 2184.JPG","614.0"
"RS_Rust 2185.JPG","615.0"
"RS_Rust 2186.JPG","616.0"
"RS_Rust 2187.JPG","617.0"
"RS_Rust 2188.JPG","618.0"
"RS_Rust 2189.JPG","619.0"
"RS_Rust 2190.JPG","620.0"
"RS_Rust 2191.JPG","621.0"
"RS_Rust 2192.JPG","622.0"
"RS_Rust 2193.JPG","623.0"
"RS_Rust 2194.JPG","624.0"
"RS_Rust 2195.JPG","625.0"
"RS_Rust 2196.JPG","626.0"
"RS_Rust 2197.JPG","627.0"
"RS_Rust 2198.JPG","628.0"
"RS_Rust 2199.JPG","629.0"
"RS_Rust 2200.JPG","630.0"
"RS_Rust 2201.JPG","631.0"
"RS_Rust 2202.JPG","632.0"
"RS_Rust 2203.JPG","633.0"
"RS_Rust 2204.JPG","634.0"
"RS_Rust 2205.JPG","635.0"
"RS_Rust 2206.JPG","636.0"
"RS_Rust 2207.JPG","637.0"
"RS_Rust 2208.JPG","638.0"
"RS_Rust 2209.JPG","639.0"
"RS_Rust 2211.JPG","640.0"
"RS_Rust 2212.JPG","641.0"
"RS_Rust 2213.JPG","642.0"
"RS_Rust 2214.JPG","643.0"
"RS_Rust 2215.JPG","644.0"
"RS_Rust 2216.JPG","645.0"
"RS_Rust 2217.JPG","646.0"
"RS_Rust 2218.JPG","647.0"
"RS_Rust 2219.JPG","648.0"
"RS_Rust 2220.JPG","649.0"
"RS_Rust 2221.JPG","650.0"
"RS_Rust 2222.JPG","651.0"
"RS_Rust 2223.JPG","652.0"
"RS_Rust 2224.JPG","653.0"
"RS_Rust 2225.JPG","654.0"
"RS_Rust 2226.JPG","655.0"
"RS_Rust 2227.JPG","656.0"
"RS_Rust 2228.JPG","657.0"
"RS_Rust 2229.JPG","658.0"
"RS_Rust 2230.JPG","659.0"
"RS_Rust 2231.JPG","660.0"
"RS_Rust 2232.JPG","661.0"
"RS_Rust 2233.JPG","662.0"
"RS_Rust 2234.JPG","663.0"
"RS_Rust 2235.JPG","664.0"
"RS_Rust 2236.JPG","665.0"
"RS_Rust 2237.JPG","666.0"
"RS_Rust 2238.JPG","667.0"
"RS_Rust 2239.JPG","668.0"
"RS_Rust 2240.JPG","669.0"
"RS_Rust 2241.JPG","670.0"
"RS_Rust 2242.JPG","671.0"
"RS_Rust 2243.JPG","672.0"
"RS_Rust 2244.JPG","673.0"
"RS_Rust 2245.JPG","674.0"
"RS_Rust 2246.JPG","675.0"
"RS_Rust 2247.JPG","676.0"
"RS_Rust 2248.JPG","677.0"
"RS_Rust 2249.JPG","678.0"
"RS_Rust 2250.JPG","679.0"
"RS_Rust 2251.JPG","680.0"
"RS_Rust 2252.JPG","681.0"
"RS_Rust 2253.JPG","682.0"
"RS_Rust 2254.JPG","683.0"
"RS_Rust 2255.JPG","684.0"
"RS_Rust 2256.JPG","685.0"
"RS_Rust 2257.JPG","686.0"
"RS_Rust 2258.JPG","687.0"
"RS_Rust 2259.JPG","688.0"
"RS_Rust 2260.JPG","689.0"
"RS_Rust 2261.JPG","690.0"
"RS_Rust 2262.JPG","691.0"
"RS_Rust 2263.JPG","692.0"
"RS_Rust 2264.JPG","693.0"
"RS_Rust 2265.JPG","694.0"
"RS_Rust 2266.JPG","695.0"
"RS_Rust 2267.JPG","696.0"
"RS_Rust 2268.JPG","697.0"
"RS_Rust 2269.JPG","698.0"
"RS_Rust 2270.JPG","699.0"
"RS_Rust 2271.JPG","700.0"
"RS_Rust 2272.JPG","701.0"
"RS_Rust 2273.JPG","702.0"
"RS_Rust 2274.JPG","703.0"
"RS_Rust 2275.JPG","704.0"
"RS_Rust 2276.JPG","705.0"
"RS_Rust 2277.JPG","706.0"
"RS_Rust 2278.JPG","707.0"
"RS_Rust 2279.JPG","708.0"
"RS_Rust 2280.JPG","709.0"
"RS_Rust 2281.JPG","710.0"
"RS_Rust 2282.JPG","711.0"
"RS_Rust 2283.JPG","712.0"
"RS_Rust 2284.JPG","713.0"
"RS_Rust 2285.JPG","714.0"
"RS_Rust 2286.JPG","715.0"
"RS_Rust 2287.JPG","716.0"
"RS_Rust 2288.JPG","717.0"
"RS_Rust 2289.JPG","718.0"
"RS_Rust 2290.JPG","719.0"
"RS_Rust 2291.JPG","720.0"
"RS_Rust 2292.JPG","721.0"
"RS_Rust 2293.JPG","722.0"
"RS_Rust 2294.JPG","723.0"
"RS_Rust 2295.JPG","724.0"
"RS_Rust 2296.JPG","725.0"
"RS_Rust 2297.JPG","726.0"
"RS_Rust 2298.JPG","727.0"
"RS_Rust 2299.JPG","728.0"
"RS_Rust 2300.JPG","729.0"
"RS_Rust 2301.JPG","730.0"
"RS_Rust 2302.JPG","731.0"
"RS_Rust 2303.JPG","732.0"
"RS_Rust 2304.JPG","733.0"
"RS_Rust 2305.JPG","734.0"
"RS_Rust 2306.JPG","735.0"
"RS_Rust 2307.JPG","736.0"
"RS_Rust 2308.JPG","737.0"
"RS_Rust 2309.JPG","738.0"
"RS_Rust 2310.JPG","739.0"
"RS_Rust 2311.JPG","740.0"
"RS_Rust 2312.JPG","741.0"
"RS_Rust 2313.JPG","742.0"
"RS_Rust 2314.JPG","743.0"
"RS_Rust 2315.JPG","744.0"
"RS_Rust 2316.JPG","745.0"
"RS_Rust 2317.JPG","746.0"
"RS_Rust 2318.JPG","747.0"
"RS_Rust 2319.JPG","748.0"
"RS_Rust 2320.JPG","749.0"
"RS_Rust 2321.JPG","750.0"
"RS_Rust 2322.JPG","751.0"
"RS_Rust 2323.JPG","752.0"
"RS_Rust 2324.JPG","753.0"
"RS_Rust 2325.JPG","754.0"
"RS_Rust 2326.JPG","755.0"
"RS_Rust 2327.JPG","756.0"
"RS_Rust 2328.JPG","757.0"
"RS_Rust 2329.JPG","758.0"
"RS_Rust 2330.JPG","759.0"
"RS_Rust 2331.JPG","760.0"
"RS_Rust 2332.JPG","761.0"
"RS_Rust 2333.JPG","762.0"
"RS_Rust 2335.JPG","763.0"
"RS_Rust 2336.JPG","764.0"
"RS_Rust 2337.JPG","765.0"
"RS_Rust 2338.JPG","766.0"
"RS_Rust 2339.JPG","767.0"
"RS_Rust 2340.JPG","768.0"
"RS_Rust 2341.JPG","769.0"
"RS_Rust 2342.JPG","770.0"
"RS_Rust 2343.JPG","771.0"
"RS_Rust 2344.JPG","772.0"
"RS_Rust 2345.JPG","773.0"
"RS_Rust 2346.JPG","774.0"
"RS_Rust 2347.JPG","775.0"
"RS_Rust 2348.JPG","776.0"
"RS_Rust 2349.JPG","777.0"
"RS_Rust 2350.JPG","778.0"
"RS_Rust 2351.JPG","779.0"
"RS_Rust 2352.JPG","780.0"
"RS_Rust 2353.JPG","781.0"
"RS_Rust 2354.JPG","782.0"
"RS_Rust 2355.JPG","783.0"
"RS_Rust 2356.JPG","784.0"
"RS_Rust 2357.JPG","785.0"
"RS_Rust 2358.JPG","786.0"
"RS_Rust 2359.JPG","787.0"
"RS_Rust 2360.JPG","788.0"
"RS_Rust 2361.JPG","789.0"
"RS_Rust 2362.JPG","790.0"
"RS_Rust 2363.JPG","791.0"
"RS_Rust 2364.JPG","792.0"
"RS_Rust 2365.JPG","793.0"
"RS_Rust 2366.JPG","794.0"
"RS_Rust 2367.JPG","795.0"
"RS_Rust 2368.JPG","796.0"
"RS_Rust 2369.JPG","797.0"
"RS_Rust 2370.JPG","798.0"
"RS_Rust 2371.JPG","799.0"
"RS_Rust 2372.JPG","800.0"
"RS_Rust 2373.JPG","801.0"
"RS_Rust 2374.JPG","802.0"
"RS_Rust 2375.JPG","803.0"
"RS_Rust 2376.JPG","804.0"
"RS_Rust 2377.JPG","805.0"
"RS_Rust 2378.JPG","806.0"
"RS_Rust 2379.JPG","807.0"
"RS_Rust 2380.JPG","808.0"
"RS_Rust 2381.JPG","809.0"
"RS_Rust 2382.JPG","810.0"
"RS_Rust 2383.JPG","811.0"
"RS_Rust 2384.JPG","812.0"
"RS_Rust 2385.JPG","813.0"
"RS_Rust 2386.JPG","814.0"
"RS_Rust 2389.JPG","815.0"
"RS_Rust 2390.JPG","816.0"
"RS_Rust 2391.JPG","817.0"
"RS_Rust 2392.JPG","818.0"
"RS_Rust 2393.JPG","819.0"
"RS_Rust 2394.JPG","820.0"
"RS_Rust 2395.JPG","821.0"
"RS_Rust 2396.JPG","822.0"
"RS_Rust 2398.JPG","823.0"
"RS_Rust 2399.JPG","824.0"
"RS_Rust 2400.JPG","825.0"
"RS_Rust 2401.JPG","826.0"
"RS_Rust 2402.JPG","827.0"
"RS_Rust 2403.JPG","828.0"
"RS_Rust 2404.JPG","829.0"
"RS_Rust 2405.JPG","830.0"
"RS_Rust 2406.JPG","831.0"
"RS_Rust 2407.JPG","832.0"
"RS_Rust 2408.JPG","833.0"
"RS_Rust 2409.JPG","834.0"
"RS_Rust 2410.JPG","835.0"
"RS_Rust 2411.JPG","836.0"
"RS_Rust 2412.JPG","837.0"
"RS_Rust 2413.JPG","838.0"
"RS_Rust 2414.JPG","839.0"
"RS_Rust 2415.JPG","840.0"
"RS_Rust 2416.JPG","841.0"
"RS_Rust 2417.JPG","842.0"
"RS_Rust 2418.JPG","843.0"
"RS_Rust 2419.JPG","844.0"
"RS_Rust 2420.JPG","845.0"
"RS_Rust 2421.JPG","846.0"
"RS_Rust 2422.JPG","847.0"
"RS_Rust 2423.JPG","848.0"
"RS_Rust 2424.JPG","849.0"
"RS_Rust 2425.JPG","850.0"
"RS_Rust 2426.JPG","851.0"
"RS_Rust 2427.JPG","852.0"
"RS_Rust 2428.JPG","853.0"
"RS_Rust 2429.JPG","854.0"
"RS_Rust 2430.JPG","855.0"
"RS_Rust 2431.JPG","856.0"
"RS_Rust 2432.JPG","857.0"
"RS_Rust 2433.JPG","858.0"
"RS_Rust 2434.JPG","859.0"
"RS_Rust 2435.JPG","860.0"
"RS_Rust 2436.JPG","861.0"
"RS_Rust 2437.JPG","862.0"
"RS_Rust 2438.JPG","863.0"
"RS_Rust 2439.JPG","864.0"
"RS_Rust 2440.JPG","865.0"
"RS_Rust 2441.JPG","866.0"
"RS_Rust 2442.JPG","867.0"
"RS_Rust 2443.JPG","868.0"
"RS_Rust 2445.JPG","869.0"
"RS_Rust 2446.JPG","870.0"
"RS_Rust 2447.JPG","871.0"
"RS_Rust 2448.JPG","872.0"
"RS_Rust 2449.JPG","873.0"
"RS_Rust 2450.JPG","874.0"
"RS_Rust 2451.JPG","875.0"
"RS_Rust 2452.JPG","876.0"
"RS_Rust 2453.JPG","877.0"
"RS_Rust 2454.JPG","878.0"
"RS_Rust 2455.JPG","879.0"
"RS_Rust 2456.JPG","880.0"
"RS_Rust 2457.JPG","881.0"
"RS_Rust 2458.JPG","882.0"
"RS_Rust 2459.JPG","883.0"
"RS_Rust 2460.JPG","884.0"
"RS_Rust 2461.JPG","885.0"
"RS_Rust 2462.JPG","886.0"
"RS_Rust 2463.JPG","887.0"
"RS_Rust 2464.JPG","888.0"
"RS_Rust 2465.JPG","889.0"
"RS_Rust 2466.JPG","890.0"
"RS_Rust 2467.JPG","891.0"
"RS_Rust 2468.JPG","892.0"
"RS_Rust 2469.JPG","893.0"
"RS_Rust 2470.JPG","894.0"
"RS_Rust 2471.JPG","895.0"
"RS_Rust 2472.JPG","896.0"
"RS_Rust 2473.JPG","897.0"
"RS_Rust 2474.JPG","898.0"
"RS_Rust 2475.JPG","899.0"
"RS_Rust 2476.JPG","900.0"
"RS_Rust 2477.JPG","901.0"
"RS_Rust 2478.JPG","902.0"
"RS_Rust 2479.JPG","903.0"
"RS_Rust 2480.JPG","904.0"
"RS_Rust 2481.JPG","905.0"
"RS_Rust 2482.JPG","906.0"
"RS_Rust 2483.JPG","907.0"
"RS_Rust 2484.JPG","908.0"
"RS_Rust 2485.JPG","909.0"
"RS_Rust 2486.JPG","910.0"
"RS_Rust 2487.JPG","911.0"
"RS_Rust 2488.JPG","912.0"
"RS_Rust 2489.JPG","913.0"
"RS_Rust 2490.JPG","914.0"
"RS_Rust 2491.JPG","915.0"
"RS_Rust 2492.JPG","916.0"
"RS_Rust 2494.JPG","917.0"
"RS_Rust 2495.JPG","918.0"
"RS_Rust 2496.JPG","919.0"
"RS_Rust 2497.JPG","920.0"
"RS_Rust 2498.JPG","921.0"
"RS_Rust 2499.JPG","922.0"
"RS_Rust 2500.JPG","923.0"
"RS_Rust 2501.JPG","924.0"
"RS_Rust 2502.JPG","925.0"
"RS_Rust 2503.JPG","926.0"
"RS_Rust 2504.JPG","927.0"
"RS_Rust 2505.JPG","928.0"
"RS_Rust 2506.JPG","929.0"
"RS_Rust 2507.JPG","930.0"
"RS_Rust 2508.JPG","931.0"
"RS_Rust 2509.JPG","932.0"
"RS_Rust 2510.JPG","933.0"
"RS_Rust 2511.JPG","934.0"
"RS_Rust 2512.JPG","935.0"
"RS_Rust 2513.JPG","936.0"
"RS_Rust 2514.JPG","937.0"
"RS_Rust 2515.JPG","938.0"
"RS_Rust 2516.JPG","939.0"
"RS_Rust 2517.JPG","940.0"
"RS_Rust 2518.JPG","941.0"
"RS_Rust 2519.JPG","942.0"
"RS_Rust 2520.JPG","943.0"
"RS_Rust 2521.JPG","944.0"
"RS_Rust 2522.JPG","945.0"
"RS_Rust 2523.JPG","946.0"
"RS_Rust 2524.JPG","947.0"
"RS_Rust 2525.JPG","948.0"
"RS_Rust 2526.JPG","949.0"
"RS_Rust 2527.JPG","950.0"
"RS_Rust 2528.JPG","951.0"
"RS_Rust 2529.JPG","952.0"
"RS_Rust 2530.JPG","953.0"
"RS_Rust 2531.JPG","954.0"
"RS_Rust 2532.JPG","955.0"
"RS_Rust 2533.JPG","956.0"
"RS_Rust 2534.JPG","957.0"
"RS_Rust 2535.JPG","958.0"
"RS_Rust 2536.JPG","959.0"
"RS_Rust 2537.JPG","960.0"
"RS_Rust 2538.JPG","961.0"
"RS_Rust 2539.JPG","962.0"
"RS_Rust 2540.JPG","963.0"
"RS_Rust 2541.JPG","964.0"
"RS_Rust 2542.JPG","965.0"
"RS_Rust 2543.JPG","966.0"
"RS_Rust 2544.JPG","967.0"
"RS_Rust 2545.JPG","968.0"
"RS_Rust 2546.JPG","969.0"
"RS_Rust 2547.JPG","970.0"
"RS_Rust 2548.JPG","971.0"
"RS_Rust 2549.JPG","972.0"
"RS_Rust 2550.JPG","973.0"
"RS_Rust 2551.JPG","974.0"
"RS_Rust 2552.JPG","975.0"
"RS_Rust 2553.JPG","976.0"
"RS_Rust 2554.JPG","977.0"
"RS_Rust 2555.JPG","978.0"
"RS_Rust 2556.JPG","979.0"
"RS_Rust 2557.JPG","980.0"
"RS_Rust 2558.JPG","981.0"
"RS_Rust 2559.JPG","982.0"
"RS_Rust 2560.JPG","983.0"
"RS_Rust 2561.JPG","984.0"
"RS_Rust 2562.JPG","985.0"
"RS_Rust 2563.JPG","986.0"
"RS_Rust 2564.JPG","987.0"
"RS_Rust 2565.JPG","988.0"
"RS_Rust 2566.JPG","989.0"
"RS_Rust 2567.JPG","990.0"
"RS_Rust 2568.JPG","991.0"
"RS_Rust 2569.JPG","992.0"
"RS_Rust 2570.JPG","993.0"
"RS_Rust 2571.JPG","994.0"
"RS_Rust 2572.JPG","995.0"
"RS_Rust 2573.JPG","996.0"
"RS_Rust 2574.JPG","997.0"
"RS_Rust 2575.JPG","998.0"
"RS_Rust 2576.JPG","999.0"
"RS_Rust 2577.JPG","1000.0"
"RS_Rust 2578.JPG","1001.0"
"RS_Rust 2579.JPG","1002.0"
"RS_Rust 2580.JPG","1003.0"
"RS_Rust 2581.JPG","1004.0"
"RS_Rust 2582.JPG","1005.0"
"RS_Rust 2583.JPG","1006.0"
"RS_Rust 2584.JPG","1007.0"
"RS_Rust 2585.JPG","1008.0"
"RS_Rust 2586.JPG","1009.0"
"RS_Rust 2587.JPG","1010.0"
"RS_Rust 2588.JPG","1011.0"
"RS_Rust 2589.JPG","1012.0"
"RS_Rust 2590.JPG","1013.0"
"RS_Rust 2591.JPG","1014.0"
"RS_Rust 2592.JPG","1015.0"
"RS_Rust 2593.JPG","1016.0"
"RS_Rust 2594.JPG","1017.0"
"RS_Rust 2595.JPG","1018.0"
"RS_Rust 2596.JPG","1019.0"
"RS_Rust 2597.JPG","1020.0"
"RS_Rust 2598.JPG","1021.0"
"RS_Rust 2599.JPG","1022.0"
"RS_Rust 2600.JPG","1023.0"
"RS_Rust 2601.JPG","1024.0"
"RS_Rust 2602.JPG","1025.0"
"RS_Rust 2603.JPG","1026.0"
"RS_Rust 2604.JPG","1027.0"
"RS_Rust 2605.JPG","1028.0"
"RS_Rust 2606.JPG","1029.0"
"RS_Rust 2607.JPG","1030.0"
"RS_Rust 2608.JPG","1031.0"
"RS_Rust 2609.JPG","1032.0"
"RS_Rust 2610.JPG","1033.0"
"RS_Rust 2611.JPG","1034.0"
"RS_Rust 2612.JPG","1035.0"
"RS_Rust 2613.JPG","1036.0"
"RS_Rust 2614.JPG","1037.0"
"RS_Rust 2615.JPG","1038.0"
"RS_Rust 2616.JPG","1039.0"
"RS_Rust 2617.JPG","1040.0"
"RS_Rust 2618.JPG","1041.0"
"RS_Rust 2619.JPG","1042.0"
"RS_Rust 2620.JPG","1043.0"
"RS_Rust 2621.JPG","1044.0"
"RS_Rust 2622.JPG","1045.0"
"RS_Rust 2623.JPG","1046.0"
"RS_Rust 2624.JPG","1047.0"
"RS_Rust 2625.JPG","1048.0"
"RS_Rust 2626.JPG","1049.0"
"RS_Rust 2627.JPG","1050.0"
"RS_Rust 2628.JPG","1051.0"
"RS_Rust 2629.JPG","1052.0"
"RS_Rust 2630.JPG","1053.0"
"RS_Rust 2631.JPG","1054.0"
"RS_Rust 2632.JPG","1055.0"
"RS_Rust 2633.JPG","1056.0"
"RS_Rust 2634.JPG","1057.0"
"RS_Rust 2635.JPG","1058.0"
"RS_Rust 2636.JPG","1059.0"
"RS_Rust 2637.JPG","1060.0"
"RS_Rust 2638.JPG","1061.0"
"RS_Rust 2639.JPG","1062.0"
"RS_Rust 2640.JPG","1063.0"
"RS_Rust 2641.JPG","1064.0"
"RS_Rust 2642.JPG","1065.0"
"RS_Rust 2643.JPG","1066.0"
"RS_Rust 2644.JPG","1067.0"
"RS_Rust 2645.JPG","1068.0"
"RS_Rust 2646.JPG","1069.0"
"RS_Rust 2647.JPG","1070.0"
"RS_Rust 2648.JPG","1071.0"
"RS_Rust 2649.JPG","1072.0"
"RS_Rust 2650.JPG","1073.0"
"RS_Rust 2651.JPG","1074.0"
"RS_Rust 2652.JPG","1075.0"
"RS_Rust 2653.JPG","1076.0"
"RS_Rust 2654.JPG","1077.0"
"RS_Rust 2655.JPG","1078.0"
"RS_Rust 2656.JPG","1079.0"
"RS_Rust 2657.JPG","1080.0"
"RS_Rust 2658.JPG","1081.0"
"RS_Rust 2659.JPG","1082.0"
"RS_Rust 2660.JPG","1083.0"
"RS_Rust 2661.JPG","1084.0"
"RS_Rust 2662.JPG","1085.0"
"RS_Rust 2663.JPG","1086.0"
"RS_Rust 2664.JPG","1087.0"
"RS_Rust 2665.JPG","1088.0"
"RS_Rust 2666.JPG","1089.0"
"RS_Rust 2667.JPG","1090.0"
"RS_Rust 2668.JPG","1091.0"
"RS_Rust 2669.JPG","1092.0"
"RS_Rust 2670.JPG","1093.0"
"RS_Rust 2671.JPG","1094.0"
"RS_Rust 2672.JPG","1095.0"
"RS_Rust 2673.JPG","1096.0"
"RS_Rust 2674.JPG","1097.0"
"RS_Rust 2675.JPG","1098.0"
"RS_Rust 2676.JPG","1099.0"
"RS_Rust 2677.JPG","1100.0"
"RS_Rust 2678.JPG","1101.0"
"RS_Rust 2679.JPG","1102.0"
"RS_Rust 2680.JPG","1103.0"
"RS_Rust 2681.JPG","1104.0"
"RS_Rust 2682.JPG","1105.0"
"RS_Rust 2683.JPG","1106.0"
"RS_Rust 2684.JPG","1107.0"
"RS_Rust 2685.JPG","1108.0"
"RS_Rust 2686.JPG","1109.0"
"RS_Rust 2687.JPG","1110.0"
"RS_Rust 2688.JPG","1111.0"
"RS_Rust 2689.JPG","1112.0"
"RS_Rust 2690.JPG","1113.0"
"RS_Rust 2691.JPG","1114.0"
"RS_Rust 2692.JPG","1115.0"
"RS_Rust 2693.JPG","1116.0"
"RS_Rust 2694.JPG","1117.0"
"RS_Rust 2695.JPG","1118.0"
"RS_Rust 2696.JPG","1119.0"
"RS_Rust 2697.JPG","1120.0"
"RS_Rust 2698.JPG","1121.0"
"RS_Rust 2699.JPG","1122.0"
"RS_Rust 2700.JPG","1123.0"
"RS_Rust 2701.JPG","1124.0"
"RS_Rust 2702.JPG","1125.0"
"RS_Rust 2703.JPG","1126.0"
"RS_Rust 2704.JPG","1127.0"
"RS_Rust 2705.JPG","1128.0"
"RS_Rust 2706.JPG","1129.0"
"RS_Rust 2707.JPG","1130.0"
"RS_Rust 2708.JPG","1131.0"
"RS_Rust 2709.JPG","1132.0"
"RS_Rust 2710.JPG","1133.0"
"RS_Rust 2711.JPG","1134.0"
"RS_Rust 2712.JPG","1135.0"
"RS_Rust 2713.JPG","1136.0"
"RS_Rust 2714.JPG","1137.0"
"RS_Rust 2715.JPG","1138.0"
"RS_Rust 2716.JPG","1139.0"
"RS_Rust 2717.JPG","1140.0"
"RS_Rust 2718.JPG","1141.0"
"RS_Rust 2719.JPG","1142.0"
"RS_Rust 2720.JPG","1143.0"
"RS_Rust 2721.JPG","1144.0"
"RS_Rust 2722.JPG","1145.0"
"RS_Rust 2723.JPG","1146.0"
"RS_Rust 2724.JPG","1147.0"
"RS_Rust 2725.JPG","1148.0"
"RS_Rust 2726.JPG","1149.0"
"RS_Rust 2727.JPG","1150.0"
"RS_Rust 2728.JPG","1151.0"
"RS_Rust 2729.JPG","1152.0"
"RS_Rust 2730.JPG","1153.0"
"RS_Rust 2731.JPG","1154.0"
"RS_Rust 2732.JPG","1155.0"
"RS_Rust 2733.JPG","1156.0"
"RS_Rust 2734.JPG","1157.0"
"RS_Rust 2735.JPG","1158.0"
"RS_Rust 2736.JPG","1159.0"
"RS_Rust 2737.JPG","1160.0"
"RS_Rust 2738.JPG","1161.0"
"RS_Rust 2739.JPG","1162.0"
"RS_Rust 2740.JPG","1163.0"
"RS_Rust 2741.JPG","1164.0"
"RS_Rust 2742.JPG","1165.0"
"RS_Rust 2743.JPG","1166.0"
"RS_Rust 2744.JPG","1167.0"
"RS_Rust 2745.JPG","1168.0"
"RS_Rust 2746.JPG","1169.0"
"RS_Rust 2747.JPG","1170.0"
"RS_Rust 2748.JPG","1171.0"
"RS_Rust 2749.JPG","1172.0"
"RS_Rust 2750.JPG","1173.0"
"RS_Rust 2751.JPG","1174.0"
"RS_Rust 2752.JPG","1175.0"
"RS_Rust 2753.JPG","1176.0"
"RS_Rust 2754.JPG","1177.0"
"RS_Rust 2755.JPG","1178.0"
"RS_Rust 2756.JPG","1179.0"
"RS_Rust 2757.JPG","1180.0"
"RS_Rust 2758.JPG","1181.0"
"RS_Rust 2759.JPG","1182.0"
"RS_Rust 2760.JPG","1183.0"
"RS_Rust 2761.JPG","1184.0"
"RS_Rust 2762.JPG","1185.0"
"RS_Rust 2763.JPG","1186.0"
"RS_Rust 2764.JPG","1187.0"
"RS_Rust 2765.JPG","1188.0"
"RS_Rust 2766.JPG","1189.0"
"RS_Rust 2767.JPG","1190.0"
"RS_Rust 2768.JPG","1191.0"
"RS_Rust 2769.JPG","1192.0"
