Image Name,Leaf Number
RS_GLSp 9357.JPG,1
RS_GLSp 4655.JPG,1
RS_GLSp 4378.JPG,1
RS_GLSp 4287.JPG,1
RS_GLSp 9276.JPG,1
RS_GLSp 4631.JPG,1
RS_GLSp 4480.JPG,1
RS_GLSp 7313.JPG,1
RS_GLSp 7335.JPG,1
RS_GLSp 7315.JPG,1
RS_GLSp 7344 copy.JPG,1
RS_GLSp 9337.JPG,1
RS_GLSp 4288.JPG,1
RS_GLSp 4355 copy.JPG,1
RS_GLSp 4656.JPG,1
RS_GLSp 9312.JPG,1
RS_GLSp 4378 copy 2.JPG,1
RS_GLSp 4434 copy.JPG,1
RS_GLSp 9343.JPG,1
RS_GLSp 9352.JPG,1
RS_GLSp 4501.JPG,1
RS_GLSp 4615 copy.JPG,1
RS_GLSp 4342.JPG,1
RS_GLSp 9340.JPG,1
RS_GLSp 4663 copy.JPG,1
RS_GLSp 9303.JPG,1
RS_GLSp 4587.JPG,1
RS_GLSp 4346.JPG,1
RS_GLSp 4623.JPG,1
RS_GLSp 9321.JPG,1
RS_GLSp 4460.JPG,1
RS_GLSp 9345.JPG,1
RS_GLSp 4663.JPG,1
RS_GLSp 9291.JPG,1
RS_GLSp 4645.JPG,1
RS_GLSp 4681.JPG,1
RS_GLSp 4616.JPG,1
RS_GLSp 4328.JPG,1
RS_GLSp 7321.JPG,1
RS_GLSp 4450.JPG,1
RS_GLSp 4289 copy 3.JPG,1
RS_GLSp 4326.JPG,1
RS_GLSp 4289 copy.JPG,1
RS_GLSp 4355 copy 2.JPG,1
RS_GLSp 4497.JPG,1
RS_GLSp 7326.JPG,1
RS_GLSp 4491.JPG,1
RS_GLSp 9335.JPG,1
RS_GLSp 4624.JPG,1
RS_GLSp 7324.JPG,1
RS_GLSp 7314.JPG,1
RS_GLSp 4500 copy.JPG,1
RS_GLSp 4456.JPG,1
RS_GLSp 9300.JPG,1
RS_GLSp 4412.JPG,1
RS_GLSp 4554.JPG,1
RS_GLSp 4467.JPG,1
RS_GLSp 9286.JPG,1
RS_GLSp 4322.JPG,1
RS_GLSp 4405.JPG,1
RS_GLSp 4469.JPG,1
RS_GLSp 9294.JPG,1
RS_GLSp 4633.JPG,1
RS_GLSp 4472.JPG,1
RS_GLSp 9336.JPG,1
RS_GLSp 3810.JPG,1
RS_GLSp 4465.JPG,1
RS_GLSp 9282.JPG,1
RS_GLSp 7320.JPG,1
RS_GLSp 4496.JPG,1
RS_GLSp 7283.JPG,1
RS_GLSp 4500.JPG,1
RS_GLSp 4416.JPG,1
RS_GLSp 9347.JPG,1
RS_GLSp 9271.JPG,1
RS_GLSp 7334 copy.JPG,1
RS_GLSp 4470.JPG,1
RS_GLSp 4310.JPG,1
RS_GLSp 4487.JPG,1
RS_GLSp 4316.JPG,1
RS_GLSp 4558.JPG,1
RS_GLSp 9319.JPG,1
RS_GLSp 4385.JPG,1
RS_GLSp 9348.JPG,1
RS_GLSp 9277.JPG,1
RS_GLSp 4436.JPG,1
RS_GLSp 4469 copy.JPG,1
RS_GLSp 4369.JPG,1
RS_GLSp 4576.JPG,1
RS_GLSp 4594.JPG,1
RS_GLSp 4680 copy.JPG,1
RS_GLSp 4634.JPG,1
RS_GLSp 4434.JPG,1
RS_GLSp 9356.JPG,1
RS_GLSp 4683.JPG,1
RS_GLSp 4433.JPG,1
RS_GLSp 4433 copy.JPG,1
RS_GLSp 4413.JPG,1
RS_GLSp 4319.JPG,1
RS_GLSp 4311.JPG,1
RS_GLSp 4399.JPG,1
RS_GLSp 4378 copy.JPG,1
RS_GLSp 4291.JPG,1
RS_GLSp 4393.JPG,1
RS_GLSp 4577.JPG,1
RS_GLSp 9311.JPG,1
RS_GLSp 4448 copy.JPG,1
RS_GLSp 9333.JPG,1
RS_GLSp 4579.JPG,1
RS_GLSp 9317.JPG,1
RS_GLSp 7293.JPG,1
RS_GLSp 9365.JPG,1
RS_GLSp 7289.JPG,1
RS_GLSp 9323.JPG,1
RS_GLSp 4423.JPG,1
RS_GLSp 4611.JPG,1
RS_GLSp 4345.JPG,1
RS_GLSp 4643.JPG,1
RS_GLSp 4638.JPG,1
RS_GLSp 4376.JPG,1
RS_GLSp 7310.JPG,1
RS_GLSp 9279.JPG,1
RS_GLSp 4459.JPG,1
RS_GLSp 9292.JPG,1
RS_GLSp 9362.JPG,1
RS_GLSp 4398.JPG,1
RS_GLSp 4685.JPG,1
RS_GLSp 7296.JPG,1
RS_GLSp 7302.JPG,1
RS_GLSp 4684.JPG,1
RS_GLSp 4307.JPG,1
RS_GLSp 7285.JPG,1
RS_GLSp 4466.JPG,1
RS_GLSp 9334.JPG,1
RS_GLSp 4639 copy.JPG,1
RS_GLSp 9338.JPG,1
RS_GLSp 4605.JPG,1
RS_GLSp 4292.JPG,1
RS_GLSp 7343.JPG,1
RS_GLSp 4486.JPG,1
RS_GLSp 4458.JPG,1
RS_GLSp 9297.JPG,1
RS_GLSp 4494.JPG,1
RS_GLSp 9358.JPG,1
RS_GLSp 4439.JPG,1
RS_GLSp 7305.JPG,1
RS_GLSp 7337.JPG,1
RS_GLSp 4617.JPG,1
RS_GLSp 4637.JPG,1
RS_GLSp 9368.JPG,1
RS_GLSp 4607 copy.JPG,1
RS_GLSp 4613.JPG,1
RS_GLSp 7282.JPG,1
RS_GLSp 4662.JPG,1
RS_GLSp 4445.JPG,1
RS_GLSp 4649.JPG,1
RS_GLSp 9351.JPG,1
RS_GLSp 9275.JPG,1
RS_GLSp 4686.JPG,1
RS_GLSp 4414.JPG,1
RS_GLSp 4476.JPG,1
RS_GLSp 4650.JPG,1
RS_GLSp 4422.JPG,1
RS_GLSp 9302.JPG,1
RS_GLSp 4599.JPG,1
RS_GLSp 7328.JPG,1
RS_GLSp 9353 copy.JPG,1
RS_GLSp 4337 copy.JPG,1
RS_GLSp 4391.JPG,1
RS_GLSp 7317.JPG,1
RS_GLSp 7331.JPG,1
RS_GLSp 9367.JPG,1
RS_GLSp 4394.JPG,1
RS_GLSp 7312.JPG,1
RS_GLSp 7327.JPG,1
RS_GLSp 4636.JPG,1
RS_GLSp 9320.JPG,1
RS_GLSp 9314.JPG,1
RS_GLSp 4333.JPG,1
RS_GLSp 7319.JPG,1
RS_GLSp 4320.JPG,1
RS_GLSp 4370.JPG,1
RS_GLSp 4492.JPG,1
RS_GLSp 4658.JPG,1
RS_GLSp 7304.JPG,1
RS_GLSp 4344.JPG,1
RS_GLSp 4380.JPG,1
RS_GLSp 4648.JPG,1
RS_GLSp 9326.JPG,1
RS_GLSp 4381.JPG,1
RS_GLSp 4646.JPG,1
RS_GLSp 4680.JPG,1
RS_GLSp 4325.JPG,1
RS_GLSp 4474 copy 2.JPG,1
RS_GLSp 4321.JPG,1
RS_GLSp 4661.JPG,1
RS_GLSp 4426.JPG,1
RS_GLSp 4679.JPG,1
RS_GLSp 4338.JPG,1
RS_GLSp 7291.JPG,1
RS_GLSp 4429.JPG,1
RS_GLSp 4584.JPG,1
RS_GLSp 4354.JPG,1
RS_GLSp 7325.JPG,1
RS_GLSp 4288 copy.JPG,1
RS_GLSp 4652 copy.JPG,1
RS_GLSp 4446.JPG,1
RS_GLSp 4334.JPG,1
RS_GLSp 4511.JPG,1
RS_GLSp 4555.JPG,1
RS_GLSp 4606.JPG,1
RS_GLSp 4309.JPG,1
RS_GLSp 4286.JPG,1
RS_GLSp 4390.JPG,1
RS_GLSp 4475.JPG,1
RS_GLSp 9289.JPG,1
RS_GLSp 4609.JPG,1
RS_GLSp 4622.JPG,1
RS_GLSp 4593.JPG,1
RS_GLSp 4330.JPG,1
RS_GLSp 7309.JPG,1
RS_GLSp 4408.JPG,1
RS_GLSp 4586.JPG,1
RS_GLSp 9341.JPG,1
RS_GLSp 7330.JPG,1
RS_GLSp 7300.JPG,1
RS_GLSp 9349.JPG,1
RS_GLSp 9354.JPG,1
RS_GLSp 9364.JPG,1
RS_GLSp 4418.JPG,1
RS_GLSp 7323.JPG,1
RS_GLSp 7279.JPG,1
RS_GLSp 4289.JPG,1
RS_GLSp 7292.JPG,1
RS_GLSp 9274.JPG,1
RS_GLSp 9301.JPG,1
RS_GLSp 9290.JPG,1
RS_GLSp 9325.JPG,1
RS_GLSp 4455.JPG,1
RS_GLSp 4308.JPG,1
RS_GLSp 4372.JPG,1
RS_GLSp 4651 copy 2.JPG,1
RS_GLSp 4498.JPG,1
RS_GLSp 9332.JPG,1
RS_GLSp 4392.JPG,1
RS_GLSp 4623 copy.JPG,1
RS_GLSp 4386.JPG,1
RS_GLSp 4504.JPG,1
RS_GLSp 9298.JPG,1
RS_GLSp 7334.JPG,1
RS_GLSp 4644.JPG,1
RS_GLSp 4468.JPG,1
RS_GLSp 4289 copy 2.JPG,1
RS_GLSp 7303.JPG,1
RS_GLSp 4564.JPG,1
RS_GLSp 7287.JPG,1
RS_GLSp 4677.JPG,1
RS_GLSp 9366.JPG,1
RS_GLSp 9329.JPG,1
RS_GLSp 4575.JPG,1
RS_GLSp 4387.JPG,1
RS_GLSp 4474 copy.JPG,1
RS_GLSp 4431 copy 2.JPG,1
RS_GLSp 4653.JPG,1
RS_GLSp 9327.JPG,1
RS_GLSp 9322.JPG,1
RS_GLSp 4682.JPG,1
RS_GLSp 9359.JPG,1
RS_GLSp 4427.JPG,1
RS_GLSp 4638 copy.JPG,1
RS_GLSp 4453.JPG,1
RS_GLSp 4584 copy.JPG,1
RS_GLSp 4474.JPG,1
RS_GLSp 4449.JPG,1
RS_GLSp 4377.JPG,1
RS_GLSp 7343 copy.JPG,1
RS_GLSp 7307.JPG,1
RS_GLSp 9267.JPG,1
RS_GLSp 4559.JPG,1
RS_GLSp 7297.JPG,1
RS_GLSp 9351 copy.JPG,1
RS_GLSp 4452.JPG,1
RS_GLSp 3810 copy.JPG,1
RS_GLSp 7301.JPG,1
RS_GLSp 9344.JPG,1
RS_GLSp 4335.JPG,1
RS_GLSp 4374 copy.JPG,1
RS_GLSp 4306.JPG,1
RS_GLSp 4490.JPG,1
RS_GLSp 4435.JPG,1
RS_GLSp 4625.JPG,1
RS_GLSp 4397.JPG,1
RS_GLSp 4688 copy.JPG,1
RS_GLSp 7333.JPG,1
RS_GLSp 4384.JPG,1
RS_GLSp 4343.JPG,1
RS_GLSp 9361.JPG,1
RS_GLSp 4478.JPG,1
RS_GLSp 4553.JPG,1
RS_GLSp 4337.JPG,1
RS_GLSp 9353.JPG,1
RS_GLSp 4395.JPG,1
RS_GLSp 4614.JPG,1
RS_GLSp 9313 copy.JPG,1
RS_GLSp 4409.JPG,1
RS_GLSp 9296.JPG,1
RS_GLSp 4477.JPG,1
RS_GLSp 4585.JPG,1
RS_GLSp 9355.JPG,1
RS_GLSp 9278.JPG,1
RS_GLSp 4380 copy.JPG,1
RS_GLSp 4328 copy.JPG,1
RS_GLSp 4619.JPG,1
RS_GLSp 4496 copy.JPG,1
RS_GLSp 4493.JPG,1
RS_GLSp 7281.JPG,1
RS_GLSp 9311 copy.JPG,1
RS_GLSp 9308.JPG,1
RS_GLSp 7322.JPG,1
RS_GLSp 7336.JPG,1
RS_GLSp 4446 copy.JPG,1
RS_GLSp 4403.JPG,1
RS_GLSp 4327.JPG,1
RS_GLSp 7306.JPG,1
RS_GLSp 9363.JPG,1
RS_GLSp 4509.JPG,1
RS_GLSp 9369.JPG,1
RS_GLSp 4463 copy.JPG,1
RS_GLSp 4663 copy 2.JPG,1
RS_GLSp 4389.JPG,1
RS_GLSp 7338.JPG,1
RS_GLSp 9281.JPG,1
RS_GLSp 4583.JPG,1
RS_GLSp 4480 copy.JPG,1
RS_GLSp 7294.JPG,1
RS_GLSp 4324.JPG,1
RS_GLSp 4461.JPG,1
RS_GLSp 9339.JPG,1
RS_GLSp 4581.JPG,1
RS_GLSp 7339.JPG,1
RS_GLSp 7311.JPG,1
RS_GLSp 9270.JPG,1
RS_GLSp 4431.JPG,1
RS_GLSp 7280.JPG,1
RS_GLSp 4382.JPG,1
RS_GLSp 9305 copy.JPG,1
RS_GLSp 7340.JPG,1
RS_GLSp 4678.JPG,1
RS_GLSp 9315.JPG,1
RS_GLSp 9346.JPG,1
RS_GLSp 9299.JPG,1
RS_GLSp 9272.JPG,1
RS_GLSp 4675.JPG,1
RS_GLSp 4379.JPG,1
RS_GLSp 4341.JPG,1
RS_GLSp 4651 copy.JPG,1
RS_GLSp 4432.JPG,1
RS_GLSp 4400.JPG,1
RS_GLSp 4418 copy.JPG,1
RS_GLSp 4312.JPG,1
RS_GLSp 4632.JPG,1
RS_GLSp 4440.JPG,1
RS_GLSp 4579 copy.JPG,1
RS_GLSp 4374.JPG,1
RS_GLSp 4693.JPG,1
RS_GLSp 3809.JPG,1
RS_GLSp 9350.JPG,1
RS_GLSp 7295.JPG,1
RS_GLSp 4481.JPG,1
RS_GLSp 7332.JPG,1
RS_GLSp 9306.JPG,1
RS_GLSp 7278.JPG,1
RS_GLSp 4582.JPG,1
RS_GLSp 9295.JPG,1
RS_GLSp 4406.JPG,1
RS_GLSp 4621.JPG,1
RS_GLSp 4495.JPG,1
RS_GLSp 9293.JPG,1
RS_GLSp 4462.JPG,1
RS_GLSp 4383.JPG,1
RS_GLSp 9269.JPG,1
RS_GLSp 4410.JPG,1
RS_GLSp 9309.JPG,1
RS_GLSp 4510.JPG,1
RS_GLSp 4317.JPG,1
RS_GLSp 4485.JPG,1
RS_GLSp 4340.JPG,1
RS_GLSp 4457.JPG,1
RS_GLSp 4318.JPG,1
RS_GLSp 4404.JPG,1
RS_GLSp 9330.JPG,1
RS_GLSp 3810 copy 2.JPG,1
RS_GLSp 4688.JPG,1
RS_GLSp 7318.JPG,1
RS_GLSp 7298.JPG,1
RS_GLSp 4290 copy.JPG,1
RS_GLSp 9331.JPG,1
RS_GLSp 4503.JPG,1
RS_GLSp 9287.JPG,1
RS_GLSp 4332.JPG,1
RS_GLSp 4331.JPG,1
RS_GLSp 4355.JPG,1
RS_GLSp 4447 copy.JPG,1
RS_GLSp 7342.JPG,1
RS_GLSp 4417.JPG,1
RS_GLSp 9280.JPG,1
RS_GLSp 4639.JPG,1
RS_GLSp 9284.JPG,1
RS_GLSp 9305.JPG,1
RS_GLSp 3811.JPG,1
RS_GLSp 9307.JPG,1
RS_GLSp 4505.JPG,1
RS_GLSp 9316.JPG,1
RS_GLSp 4660.JPG,1
RS_GLSp 4371.JPG,1
RS_GLSp 4617 copy.JPG,1
RS_GLSp 9310.JPG,1
RS_GLSp 4651.JPG,1
RS_GLSp 7344.JPG,1
RS_GLSp 7308.JPG,1
RS_GLSp 4407.JPG,1
RS_GLSp 9304.JPG,1
RS_GLSp 4640.JPG,1
RS_GLSp 4339.JPG,1
RS_GLSp 4580.JPG,1
RS_GLSp 4654.JPG,1
RS_GLSp 7316.JPG,1
RS_GLSp 9273.JPG,1
RS_GLSp 4373.JPG,1
RS_GLSp 4290.JPG,1
RS_GLSp 4500 copy 2.JPG,1
RS_GLSp 9268.JPG,1
RS_GLSp 4563.JPG,1
RS_GLSp 4657 copy.JPG,1
RS_GLSp 4607.JPG,1
RS_GLSp 4401.JPG,1
RS_GLSp 4676.JPG,1
RS_GLSp 4630.JPG,1
RS_GLSp 4368.JPG,1
RS_GLSp 4425.JPG,1
RS_GLSp 9313.JPG,1
RS_GLSp 4454.JPG,1
RS_GLSp 4556.JPG,1
RS_GLSp 4388.JPG,1
RS_GLSp 4430.JPG,1
RS_GLSp 4482.JPG,1
RS_GLSp 4491 copy.JPG,1
RS_GLSp 7286.JPG,1
RS_GLSp 4638 copy 2.JPG,1
RS_GLSp 4647.JPG,1
RS_GLSp 9283.JPG,1
RS_GLSp 4674.JPG,1
RS_GLSp 4612.JPG,1
RS_GLSp 4323.JPG,1
RS_GLSp 4652.JPG,1
RS_GLSp 4578.JPG,1
RS_GLSp 9360.JPG,1
RS_GLSp 4448.JPG,1
RS_GLSp 9324.JPG,1
RS_GLSp 4659.JPG,1
RS_GLSp 4695.JPG,1
RS_GLSp 4379 copy.JPG,1
RS_GLSp 4367.JPG,1
RS_GLSp 4463.JPG,1
RS_GLSp 4473.JPG,1
RS_GLSp 7299.JPG,1
RS_GLSp 9285.JPG,1
RS_GLSp 4326 copy.JPG,1
RS_GLSp 7329.JPG,1
RS_GLSp 4287 copy.JPG,1
RS_GLSp 9318.JPG,1
RS_GLSp 4471.JPG,1
RS_GLSp 4479.JPG,1
RS_GLSp 4467 copy.JPG,1
RS_GLSp 4657.JPG,1
RS_GLSp 4620 copy.JPG,1
RS_GLSp 4618.JPG,1
RS_GLSp 4687.JPG,1
RS_GLSp 4444.JPG,1
RS_GLSp 4396.JPG,1
RS_GLSp 9288.JPG,1
RS_GLSp 4415.JPG,1
RS_GLSp 4599 copy.JPG,1
RS_GLSp 4641.JPG,1
RS_GLSp 4438.JPG,1
RS_GLSp 7284.JPG,1
RS_GLSp 4692.JPG,1
RS_GLSp 4329.JPG,1
RS_GLSp 4642.JPG,1
RS_GLSp 4447.JPG,1
RS_GLSp 7341.JPG,1
RS_GLSp 4694.JPG,1
RS_GLSp 9342.JPG,1
RS_GLSp 4417 copy.JPG,1
RS_GLSp 4637 copy.JPG,1
RS_GLSp 9328.JPG,1
RS_GLSp 4635.JPG,1
RS_GLSp 4336.JPG,1
RS_GLSp 4451.JPG,1
RS_GLSp 4472 copy.JPG,1
RS_GLSp 4437.JPG,1
RS_GLSp 4629.JPG,1
RS_GLSp 4565.JPG,1
RS_GLSp 4557.JPG,1
RS_GLSp 4424.JPG,1
RS_GLSp 7290.JPG,1
RS_GLSp 4375.JPG,1
RS_GLSp 4408 copy.JPG,1
RS_GLSp 4450 copy.JPG,1
RS_GLSp 4499.JPG,1
RS_GLSp 4562.JPG,1
RS_GLSp 4615.JPG,1
RS_GLSp 4620.JPG,1
